Handle,Product: Handle,Product: Position,Product: Command,Products Count
skull-a-palooza,corvexia-mini-wallet-skull-a-palooza,1,REPLACE,58
skull-a-palooza,venomina-black-interior-small-leather-handbag-skull-a-palooza,2,REPLACE,
skull-a-palooza,venomina-mini-wallet-skull-a-palooza,3,REPLACE,
skull-a-palooza,venomina-eclipse-makeup-bag-skull-a-palooza,4,REPLACE,
skull-a-palooza,noxaria-black-interior-small-leather-handbag-skull-a-palooza,5,REPLACE,
skull-a-palooza,noxaria-mini-wallet-skull-a-palooza,6,REPLACE,
skull-a-palooza,noxaria-eclipse-makeup-bag-skull-a-palooza,7,REPLACE,
skull-a-palooza,grimcrown-black-interior-small-leather-handbag-skull-a-palooza,8,REPLACE,
skull-a-palooza,grimcrown-mini-wallet-skull-a-palooza,9,REPLACE,
skull-a-palooza,blacklitany-mini-wallet-skull-a-palooza,10,REPLACE,
skull-a-palooza,la-roja-small-leather-bag-skull-a-palooza,11,REPLACE,
skull-a-palooza,la-roja-mini-wallet-skull-a-palooza,12,REPLACE,
skull-a-palooza,noctaflora-small-leather-bag-skull-a-palooza,13,REPLACE,
skull-a-palooza,noctaflora-mini-wallet-skull-a-palooza,14,REPLACE,
skull-a-palooza,nyxrose-mini-wallet-skull-a-palooza,15,REPLACE,
skull-a-palooza,lunacat-mini-wallet-skull-a-palooza,16,REPLACE,
skull-a-palooza,lunacat-eclipse-makeup-bag-skull-a-palooza,17,REPLACE,
skull-a-palooza,heliovoid-mini-wallet-skull-a-palooza,18,REPLACE,
skull-a-palooza,purple-skull-scarlet-bloom-small-leather-bag-skull-a-palooza,19,REPLACE,
skull-a-palooza,bloodrose-poison-plum-mini-wallet-skull-a-palooza,20,REPLACE,
skull-a-palooza,bloodrose-poison-plum-eclipse-makeup-bag-skull-a-palooza,21,REPLACE,
skull-a-palooza,nightrosary-black-interior-small-leather-handbag-skull-a-palooza,22,REPLACE,
skull-a-palooza,nightrosary-mini-wallet-skull-a-palooza,23,REPLACE,
skull-a-palooza,wraithbone-black-interior-small-leather-handbag-skull-a-palooza,24,REPLACE,
skull-a-palooza,hexram-black-interior-small-leather-handbag-skull-a-palooza,25,REPLACE,
skull-a-palooza,hexram-mini-wallet-skull-a-palooza,26,REPLACE,
skull-a-palooza,bloodraven-mini-wallet-skull-a-palooza,27,REPLACE,
skull-a-palooza,dustveil-small-leather-bag-skull-a-palooza,28,REPLACE,
skull-a-palooza,mournaire-small-leather-bag-skull-a-palooza,29,REPLACE,
skull-a-palooza,mournaire-mini-wallet-skull-a-palooza,30,REPLACE,
skull-a-palooza,obscuria-small-leather-bag-skull-a-palooza,31,REPLACE,
skull-a-palooza,obscuria-mini-wallet-skull-a-palooza,32,REPLACE,
skull-a-palooza,gravebloom-mini-wallet-skull-a-palooza,33,REPLACE,
skull-a-palooza,catrinelle-small-leather-bag-skull-a-palooza,34,REPLACE,
skull-a-palooza,catrinelle-mini-wallet-skull-a-palooza,35,REPLACE,
skull-a-palooza,catrinelle-eclipse-makeup-bag-skull-a-palooza,36,REPLACE,
skull-a-palooza,moonreaver-mini-wallet-skull-a-palooza,37,REPLACE,
skull-a-palooza,rosethorn-black-interior-small-leather-handbag-skull-a-palooza,38,REPLACE,
skull-a-palooza,rosethorn-mini-wallet-skull-a-palooza,39,REPLACE,
skull-a-palooza,morthwing-black-interior-small-leather-handbag-skull-a-palooza,40,REPLACE,
skull-a-palooza,roselace-small-leather-bag-skull-a-palooza,41,REPLACE,
skull-a-palooza,roselace-mini-wallet-skull-a-palooza,42,REPLACE,
skull-a-palooza,altarhorn-black-interior-small-leather-handbag-skull-a-palooza,43,REPLACE,
skull-a-palooza,altarhorn-mini-wallet-skull-a-palooza,44,REPLACE,
skull-a-palooza,bloodrose-small-leather-bag-skull-a-palooza,45,REPLACE,
skull-a-palooza,bloodrose-mini-wallet-skull-a-palooza,46,REPLACE,
skull-a-palooza,green-skull-scarlet-bloom-small-leather-bag-skull-a-palooza,47,REPLACE,
skull-a-palooza,bloodrose-poison-ivy-mini-wallet-skull-a-palooza,48,REPLACE,
skull-a-palooza,triskelion-black-interior-small-leather-handbag-skull-a-palooza,49,REPLACE,
skull-a-palooza,triskelion-mini-wallet-skull-a-palooza,50,REPLACE,
skull-a-palooza,deathmark-small-leather-bag-skull-a-palooza,51,REPLACE,
skull-a-palooza,deathmark-mini-wallet-skull-a-palooza,52,REPLACE,
skull-a-palooza,deathmark-eclipse-makeup-bag-skull-a-palooza,53,REPLACE,
skull-a-palooza,frostmourne-small-leather-bag-skull-a-palooza,54,REPLACE,
skull-a-palooza,frostmourne-mini-wallet-skull-a-palooza,55,REPLACE,
skull-a-palooza,frostmourne-eclipse-makeup-bag-skull-a-palooza,56,REPLACE,
skull-a-palooza,thornfall-black-interior-small-leather-handbag-skull-a-palooza,57,REPLACE,
skull-a-palooza,thornfall-mini-wallet-skull-a-palooza,58,REPLACE,
